[
{
  "model": "admin.logentry",
  "pk": 1,
  "fields": {
    "action_time": "2021-05-01T16:56:59.949Z",
    "user": 1,
    "content_type": 16,
    "object_id": "28",
    "object_repr": "Tag object (28)",
    "action_flag": 1,
    "change_message": "[{\"added\": {}}]"
  }
},
{
  "model": "admin.logentry",
  "pk": 2,
  "fields": {
    "action_time": "2021-05-01T16:58:37.320Z",
    "user": 1,
    "content_type": 15,
    "object_id": "1",
    "object_repr": "Location object (1)",
    "action_flag": 1,
    "change_message": "[{\"added\": {}}]"
  }
},
{
  "model": "admin.logentry",
  "pk": 3,
  "fields": {
    "action_time": "2021-05-01T17:01:33.807Z",
    "user": 1,
    "content_type": 19,
    "object_id": "1",
    "object_repr": "Post object (1)",
    "action_flag": 1,
    "change_message": "[{\"added\": {}}]"
  }
},
{
  "model": "admin.logentry",
  "pk": 4,
  "fields": {
    "action_time": "2021-05-01T17:11:31.948Z",
    "user": 1,
    "content_type": 15,
    "object_id": "2",
    "object_repr": "Location object (2)",
    "action_flag": 1,
    "change_message": "[{\"added\": {}}]"
  }
},
{
  "model": "admin.logentry",
  "pk": 5,
  "fields": {
    "action_time": "2021-05-01T17:12:22.227Z",
    "user": 1,
    "content_type": 19,
    "object_id": "2",
    "object_repr": "Post object (2)",
    "action_flag": 1,
    "change_message": "[{\"added\": {}}]"
  }
},
{
  "model": "admin.logentry",
  "pk": 6,
  "fields": {
    "action_time": "2021-05-01T17:15:42.087Z",
    "user": 1,
    "content_type": 19,
    "object_id": "2",
    "object_repr": "Post object (2)",
    "action_flag": 2,
    "change_message": "[]"
  }
},
{
  "model": "admin.logentry",
  "pk": 7,
  "fields": {
    "action_time": "2021-05-01T17:36:26.046Z",
    "user": 1,
    "content_type": 19,
    "object_id": "1",
    "object_repr": "Post object (1)",
    "action_flag": 2,
    "change_message": "[{\"changed\": {\"fields\": [\"Content\"]}}]"
  }
},
{
  "model": "admin.logentry",
  "pk": 8,
  "fields": {
    "action_time": "2021-05-01T18:10:39.677Z",
    "user": 1,
    "content_type": 15,
    "object_id": "3",
    "object_repr": "Location object (3)",
    "action_flag": 1,
    "change_message": "[{\"added\": {}}]"
  }
},
{
  "model": "admin.logentry",
  "pk": 9,
  "fields": {
    "action_time": "2021-05-01T18:10:46.636Z",
    "user": 1,
    "content_type": 19,
    "object_id": "3",
    "object_repr": "Post object (3)",
    "action_flag": 1,
    "change_message": "[{\"added\": {}}]"
  }
},
{
  "model": "admin.logentry",
  "pk": 10,
  "fields": {
    "action_time": "2021-05-01T18:11:27.783Z",
    "user": 1,
    "content_type": 19,
    "object_id": "3",
    "object_repr": "Post object (3)",
    "action_flag": 2,
    "change_message": "[{\"changed\": {\"fields\": [\"Content\"]}}]"
  }
},
{
  "model": "admin.logentry",
  "pk": 11,
  "fields": {
    "action_time": "2021-05-01T18:11:40.584Z",
    "user": 1,
    "content_type": 19,
    "object_id": "2",
    "object_repr": "Post object (2)",
    "action_flag": 2,
    "change_message": "[{\"changed\": {\"fields\": [\"Content\"]}}]"
  }
},
{
  "model": "admin.logentry",
  "pk": 12,
  "fields": {
    "action_time": "2021-05-01T18:27:45.224Z",
    "user": 1,
    "content_type": 16,
    "object_id": "29",
    "object_repr": "Tag object (29)",
    "action_flag": 1,
    "change_message": "[{\"added\": {}}]"
  }
},
{
  "model": "admin.logentry",
  "pk": 13,
  "fields": {
    "action_time": "2021-05-01T18:27:50.650Z",
    "user": 1,
    "content_type": 16,
    "object_id": "30",
    "object_repr": "Tag object (30)",
    "action_flag": 1,
    "change_message": "[{\"added\": {}}]"
  }
},
{
  "model": "admin.logentry",
  "pk": 14,
  "fields": {
    "action_time": "2021-05-01T18:29:07.536Z",
    "user": 1,
    "content_type": 18,
    "object_id": "2",
    "object_repr": "Image object (2)",
    "action_flag": 1,
    "change_message": "[{\"added\": {}}]"
  }
},
{
  "model": "admin.logentry",
  "pk": 15,
  "fields": {
    "action_time": "2021-05-01T18:29:44.184Z",
    "user": 1,
    "content_type": 19,
    "object_id": "4",
    "object_repr": "Post object (4)",
    "action_flag": 1,
    "change_message": "[{\"added\": {}}]"
  }
},
{
  "model": "admin.logentry",
  "pk": 16,
  "fields": {
    "action_time": "2021-05-01T18:59:15.217Z",
    "user": 1,
    "content_type": 16,
    "object_id": "31",
    "object_repr": "Tag object (31)",
    "action_flag": 1,
    "change_message": "[{\"added\": {}}]"
  }
},
{
  "model": "admin.logentry",
  "pk": 17,
  "fields": {
    "action_time": "2021-05-01T19:00:49.788Z",
    "user": 1,
    "content_type": 15,
    "object_id": "4",
    "object_repr": "Location object (4)",
    "action_flag": 1,
    "change_message": "[{\"added\": {}}]"
  }
},
{
  "model": "admin.logentry",
  "pk": 18,
  "fields": {
    "action_time": "2021-05-01T19:00:56.078Z",
    "user": 1,
    "content_type": 19,
    "object_id": "5",
    "object_repr": "Post object (5)",
    "action_flag": 1,
    "change_message": "[{\"added\": {}}]"
  }
},
{
  "model": "admin.logentry",
  "pk": 19,
  "fields": {
    "action_time": "2021-05-02T14:02:52.992Z",
    "user": 1,
    "content_type": 18,
    "object_id": "3",
    "object_repr": "Image object (3)",
    "action_flag": 1,
    "change_message": "[{\"added\": {}}]"
  }
},
{
  "model": "admin.logentry",
  "pk": 20,
  "fields": {
    "action_time": "2021-05-02T14:03:33.395Z",
    "user": 1,
    "content_type": 16,
    "object_id": "32",
    "object_repr": "Tag object (32)",
    "action_flag": 1,
    "change_message": "[{\"added\": {}}]"
  }
},
{
  "model": "admin.logentry",
  "pk": 21,
  "fields": {
    "action_time": "2021-05-02T14:03:35.807Z",
    "user": 1,
    "content_type": 19,
    "object_id": "6",
    "object_repr": "Post object (6)",
    "action_flag": 1,
    "change_message": "[{\"added\": {}}]"
  }
},
{
  "model": "contenttypes.contenttype",
  "pk": 1,
  "fields": {
    "app_label": "admin",
    "model": "logentry"
  }
},
{
  "model": "contenttypes.contenttype",
  "pk": 2,
  "fields": {
    "app_label": "auth",
    "model": "permission"
  }
},
{
  "model": "contenttypes.contenttype",
  "pk": 3,
  "fields": {
    "app_label": "auth",
    "model": "group"
  }
},
{
  "model": "contenttypes.contenttype",
  "pk": 4,
  "fields": {
    "app_label": "auth",
    "model": "user"
  }
},
{
  "model": "contenttypes.contenttype",
  "pk": 5,
  "fields": {
    "app_label": "contenttypes",
    "model": "contenttype"
  }
},
{
  "model": "contenttypes.contenttype",
  "pk": 6,
  "fields": {
    "app_label": "sessions",
    "model": "session"
  }
},
{
  "model": "contenttypes.contenttype",
  "pk": 7,
  "fields": {
    "app_label": "sites",
    "model": "site"
  }
},
{
  "model": "contenttypes.contenttype",
  "pk": 8,
  "fields": {
    "app_label": "allauth",
    "model": "socialapp"
  }
},
{
  "model": "contenttypes.contenttype",
  "pk": 9,
  "fields": {
    "app_label": "allauth",
    "model": "socialaccount"
  }
},
{
  "model": "contenttypes.contenttype",
  "pk": 10,
  "fields": {
    "app_label": "allauth",
    "model": "socialtoken"
  }
},
{
  "model": "contenttypes.contenttype",
  "pk": 11,
  "fields": {
    "app_label": "account",
    "model": "emailaddress"
  }
},
{
  "model": "contenttypes.contenttype",
  "pk": 12,
  "fields": {
    "app_label": "account",
    "model": "emailconfirmation"
  }
},
{
  "model": "contenttypes.contenttype",
  "pk": 13,
  "fields": {
    "app_label": "authtoken",
    "model": "token"
  }
},
{
  "model": "contenttypes.contenttype",
  "pk": 14,
  "fields": {
    "app_label": "authtoken",
    "model": "tokenproxy"
  }
},
{
  "model": "contenttypes.contenttype",
  "pk": 15,
  "fields": {
    "app_label": "api",
    "model": "location"
  }
},
{
  "model": "contenttypes.contenttype",
  "pk": 16,
  "fields": {
    "app_label": "api",
    "model": "tag"
  }
},
{
  "model": "contenttypes.contenttype",
  "pk": 17,
  "fields": {
    "app_label": "api",
    "model": "category"
  }
},
{
  "model": "contenttypes.contenttype",
  "pk": 18,
  "fields": {
    "app_label": "api",
    "model": "image"
  }
},
{
  "model": "contenttypes.contenttype",
  "pk": 19,
  "fields": {
    "app_label": "api",
    "model": "post"
  }
},
{
  "model": "contenttypes.contenttype",
  "pk": 20,
  "fields": {
    "app_label": "socialaccount",
    "model": "socialaccount"
  }
},
{
  "model": "contenttypes.contenttype",
  "pk": 21,
  "fields": {
    "app_label": "socialaccount",
    "model": "socialapp"
  }
},
{
  "model": "contenttypes.contenttype",
  "pk": 22,
  "fields": {
    "app_label": "socialaccount",
    "model": "socialtoken"
  }
},
{
  "model": "sessions.session",
  "pk": "4nctzgwwg6sanpqtv1wgzlnaj6oen2lm",
  "fields": {
    "session_data": ".eJxVjMEOgyAQRP-Fc2OqdYX11v4IWZYlklJMFHpp-u_VxovHeTPzPoqY55qLfcsSQxRv5UUxqTHXlC7KUi2TrassNno1qk6dmCN-St4LSmnHzaFr_pujXpv7liSXyFTinB_H66SaaJ02j2NG71hDCMI3ZPBoQt-T7gRBHDgYBuwHuWo2rSFEwNYbfWPqwEvL6vsDsT5IaA:1ldCRi:JsZ637yNsP1E4Ww2Ta20jCuGc4q5LjWoy3omZa0NkCQ",
    "expire_date": "2021-05-16T13:47:42.145Z"
  }
},
{
  "model": "sessions.session",
  "pk": "994bbus83yl7z0mh524qx6g37r0rgjcl",
  "fields": {
    "session_data": ".eJxVjEEOgjAQRe_StWloKZ2pS_ecoel0BosaSCisjHcXEha6_e-9_1YxbWuJW5UljqyuyqjL70YpP2U6AD_SdJ91nqd1GUkfij5p1f3M8rqd7t9BSbXsNRAiWd8KignUpDwYZO8gtx2wYUAfGhkAAJ3HNoi11O18bxxn6xv1-QLVzjc1:1ldCey:0_2l7tBzLvJtCDnMKCtkIbi10Tfg5jMLEnQsHjHo_ww",
    "expire_date": "2021-05-16T14:01:24.779Z"
  }
},
{
  "model": "sessions.session",
  "pk": "sa5wooy21sipqhq52eg3zi7yrstnko8h",
  "fields": {
    "session_data": ".eJxVjM0OgjAQhN-lZ0P6A93Fm75Is90ugUhKYsvJ-O4Ww0GP830z81KB9jqHvcgzLEldlVGXXxaJH5IPQet64I6Ytz3X7ts5deluLUmuC1Ndtnw_V39XM5W5_UBEjNY7QTFj1MSTweR7YDdAMgnQj1omAMDeoxvF2jg03zZ9Yuu1en8Arco7qQ:1ldBxf:31cXtQog_TEV7hOe3ZZrpTxybI545OthjuT2TJO9C3U",
    "expire_date": "2021-05-16T13:16:39.061Z"
  }
},
{
  "model": "sites.site",
  "pk": 1,
  "fields": {
    "domain": "example.com",
    "name": "example.com"
  }
},
{
  "model": "account.emailaddress",
  "pk": 1,
  "fields": {
    "user": 2,
    "email": "hell2@example.com",
    "verified": false,
    "primary": true
  }
},
{
  "model": "authtoken.token",
  "pk": "3402e435f3af9f3e975d93077cb526492db78881",
  "fields": {
    "user": 2,
    "created": "2021-05-02T13:47:42.076Z"
  }
},
{
  "model": "authtoken.token",
  "pk": "4ce4a1ead0ceb48357ff4f598ed71a00d9b3c4aa",
  "fields": {
    "user": 1,
    "created": "2021-05-02T13:16:38.980Z"
  }
},
{
  "model": "api.location",
  "pk": 1,
  "fields": {
    "latitude": "42.4271300000",
    "longitude": "-71.0673000000",
    "name": "Immigrant Learning Center"
  }
},
{
  "model": "api.location",
  "pk": 2,
  "fields": {
    "latitude": "42.3867400000",
    "longitude": "-71.0869200000",
    "name": "Emergency Services (Fire, Police, or Ambulance)"
  }
},
{
  "model": "api.location",
  "pk": 3,
  "fields": {
    "latitude": "42.3973800000",
    "longitude": "-71.0918700000",
    "name": "The Welcome Project"
  }
},
{
  "model": "api.location",
  "pk": 4,
  "fields": {
    "latitude": "42.4300000000",
    "longitude": "-71.0685400000",
    "name": "Malden YMCA Food Service Program"
  }
},
{
  "model": "api.tag",
  "pk": 1,
  "fields": {
    "name": "Women And Children"
  }
},
{
  "model": "api.tag",
  "pk": 2,
  "fields": {
    "name": "Education"
  }
},
{
  "model": "api.tag",
  "pk": 3,
  "fields": {
    "name": "Cultural Resources"
  }
},
{
  "model": "api.tag",
  "pk": 4,
  "fields": {
    "name": "Community Building"
  }
},
{
  "model": "api.tag",
  "pk": 5,
  "fields": {
    "name": "Emergency"
  }
},
{
  "model": "api.tag",
  "pk": 6,
  "fields": {
    "name": "Religious"
  }
},
{
  "model": "api.tag",
  "pk": 7,
  "fields": {
    "name": "Pregnancy Resources"
  }
},
{
  "model": "api.tag",
  "pk": 8,
  "fields": {
    "name": "Food Assistance"
  }
},
{
  "model": "api.tag",
  "pk": 9,
  "fields": {
    "name": "Housing Assistance"
  }
},
{
  "model": "api.tag",
  "pk": 10,
  "fields": {
    "name": "Domestic Violence Resources"
  }
},
{
  "model": "api.tag",
  "pk": 11,
  "fields": {
    "name": "Health Access"
  }
},
{
  "model": "api.tag",
  "pk": 12,
  "fields": {
    "name": "Financial Resources"
  }
},
{
  "model": "api.tag",
  "pk": 13,
  "fields": {
    "name": "Veteran Resources"
  }
},
{
  "model": "api.tag",
  "pk": 14,
  "fields": {
    "name": "Teen Resources"
  }
},
{
  "model": "api.tag",
  "pk": 15,
  "fields": {
    "name": "Social Services"
  }
},
{
  "model": "api.tag",
  "pk": 16,
  "fields": {
    "name": "Community Health"
  }
},
{
  "model": "api.tag",
  "pk": 17,
  "fields": {
    "name": "Counseling"
  }
},
{
  "model": "api.tag",
  "pk": 18,
  "fields": {
    "name": "Urgent Care"
  }
},
{
  "model": "api.tag",
  "pk": 19,
  "fields": {
    "name": "Hospitals"
  }
},
{
  "model": "api.tag",
  "pk": 20,
  "fields": {
    "name": "Medical Assistance"
  }
},
{
  "model": "api.tag",
  "pk": 21,
  "fields": {
    "name": "Covid-19"
  }
},
{
  "model": "api.tag",
  "pk": 22,
  "fields": {
    "name": "Spanish"
  }
},
{
  "model": "api.tag",
  "pk": 23,
  "fields": {
    "name": "Haitian Creole"
  }
},
{
  "model": "api.tag",
  "pk": 24,
  "fields": {
    "name": "Nepalese"
  }
},
{
  "model": "api.tag",
  "pk": 25,
  "fields": {
    "name": "Arabic"
  }
},
{
  "model": "api.tag",
  "pk": 26,
  "fields": {
    "name": "Vietnamese"
  }
},
{
  "model": "api.tag",
  "pk": 27,
  "fields": {
    "name": "Portugese"
  }
},
{
  "model": "api.tag",
  "pk": 28,
  "fields": {
    "name": "Migrants And Refugees"
  }
},
{
  "model": "api.tag",
  "pk": 29,
  "fields": {
    "name": "Compassion Pillar"
  }
},
{
  "model": "api.tag",
  "pk": 30,
  "fields": {
    "name": "Project SHARE"
  }
},
{
  "model": "api.tag",
  "pk": 31,
  "fields": {
    "name": "Food Pantry"
  }
},
{
  "model": "api.tag",
  "pk": 32,
  "fields": {
    "name": "Infographic"
  }
},
{
  "model": "api.category",
  "pk": 1,
  "fields": {
    "name": "Tufts Resources"
  }
},
{
  "model": "api.category",
  "pk": 2,
  "fields": {
    "name": "Community Resources"
  }
},
{
  "model": "api.category",
  "pk": 3,
  "fields": {
    "name": "The Sharewood Project"
  }
},
{
  "model": "api.category",
  "pk": 4,
  "fields": {
    "name": "Newsletter Archives"
  }
},
{
  "model": "api.category",
  "pk": 5,
  "fields": {
    "name": "How You Can Help"
  }
},
{
  "model": "api.image",
  "pk": 2,
  "fields": {
    "img_file": "Compassion_Pillar_infographic.png"
  }
},
{
  "model": "api.image",
  "pk": 3,
  "fields": {
    "img_file": "COVID-19_Pamphlet_Spanish.jpg"
  }
},
{
  "model": "api.post",
  "pk": 1,
  "fields": {
    "title": "Immigrant Learning Center",
    "date": "2021-05-01T17:01:33.755Z",
    "category": 2,
    "content": "## Non-profit educational services for immigrants\r\n### Services Offered \r\n- Variety of English and literacy programs\r\n- Citizenship classes (online due to COVID-19) \r\n\r\n### Website\r\nhttps://www.ilctr.org\r\n\r\n### Phone Number \r\n(781) 322-9777\r\n\r\n### Address\r\n442 Main Street, Malden, MA 02148\r\n\r\n### Hours\r\n9:00AM - 5:00PM, closed on weekends",
    "language": "EN",
    "tags": [
      2,
      4,
      22,
      23,
      27,
      28
    ],
    "images": [],
    "locations": [
      1
    ]
  }
},
{
  "model": "api.post",
  "pk": 2,
  "fields": {
    "title": "Emergency Services (Fire, Police, or Ambulance)",
    "date": "2021-05-01T17:12:22.206Z",
    "category": 2,
    "content": "## General Emergency Services; Office of Immigrant Affairs for Somerville\r\n\r\n### Services Offered \r\n- Emergency Services (Fire, Police, or Ambulance)\r\n- information assistance regarding immigrant affairs for the Somerville residents. \r\n- Languages offered: English, Portugese, Spanish, Haitan Creole, Nepali \r\n\r\n### Website\r\nhttps://www.somervillema.gov/departments/communications-and-community-engagement/somerviva-office-immigrant-affairs\r\n\r\n### Phone Number \r\n911\r\n### Address\r\n239 Commercial Street, Malden, MA 02148\r\n\r\n### Hours\r\nOpen 24 Hours",
    "language": "EN",
    "tags": [
      5,
      22,
      23,
      27,
      28
    ],
    "images": [],
    "locations": [
      2
    ]
  }
},
{
  "model": "api.post",
  "pk": 3,
  "fields": {
    "title": "The Welcome Project",
    "date": "2021-05-01T18:10:46.619Z",
    "category": 2,
    "content": "## Non-profit providing support & empowerment for immigrants. \r\nAssistance offered in English, Spanish, Portuguese, Haitian Creole.\r\n\r\n### Services Offered \r\n- leadership & empowerment programs for youth and adults\r\n- English language, citizenship, and computer classes\r\n- educational and college support\r\n- various otherservices\r\n\r\n### Website\r\nhttps://www.welcomeproject.org/resources\r\n\r\n### Phone Number \r\n(617) 623-6633\r\n\r\n### Address\r\n530 Mystic Ave. #111, Somerville, MA 02145\r\n\r\n## Hours\r\n9:00AM - 5:00PM, closed on weekends",
    "language": "EN",
    "tags": [
      2,
      4,
      22,
      23,
      27,
      28
    ],
    "images": [],
    "locations": [
      3
    ]
  }
},
{
  "model": "api.post",
  "pk": 4,
  "fields": {
    "title": "Project SHARE's Compassion Pillar",
    "date": "2021-05-01T18:29:43.834Z",
    "category": 1,
    "content": "Here is an overview on Compassion Pillar's current projects!",
    "language": "EN",
    "tags": [
      29,
      30
    ],
    "images": [
      2
    ],
    "locations": []
  }
},
{
  "model": "api.post",
  "pk": 5,
  "fields": {
    "title": "Malden YMCA Food Service Program",
    "date": "2021-05-01T19:00:56.056Z",
    "category": 2,
    "content": "### Services Offered \r\nFree meals for kids during the summer, see website for schedule & details\r\n\r\n### Website\r\nhttps://www.ymcamalden.org/food-programs/food-program\r\n\r\n### Phone Number \r\n(781) 324-7680\r\n\r\n### Address\r\n99 Dartmouth Street, Malden, MA 02148\r\n\r\n### Hours\r\nMonday - Friday 7:00AM -7:00PM, Saturday 8:00AM-2:00PM",
    "language": "EN",
    "tags": [
      8,
      31
    ],
    "images": [],
    "locations": [
      4
    ]
  }
},
{
  "model": "api.post",
  "pk": 6,
  "fields": {
    "title": "Todo lo que necesita saber: La vacuna contra COVID-19.",
    "date": "2021-05-02T14:03:35.784Z",
    "category": 2,
    "content": "A guide on everything you need to know for the COVID-19 vaccines, put together by members of our Health Outreach Committee.",
    "language": "EN",
    "tags": [
      21,
      22,
      32
    ],
    "images": [
      3
    ],
    "locations": []
  }
}
]
