[{"model": "admin.logentry", "pk": 1, "fields": {"action_time": "2021-05-01T16:56:59.949Z", "user": 1, "content_type": 16, "object_id": "28", "object_repr": "Tag object (28)", "action_flag": 1, "change_message": "[{\"added\": {}}]"}}, {"model": "admin.logentry", "pk": 2, "fields": {"action_time": "2021-05-01T16:58:37.320Z", "user": 1, "content_type": 15, "object_id": "1", "object_repr": "Location object (1)", "action_flag": 1, "change_message": "[{\"added\": {}}]"}}, {"model": "admin.logentry", "pk": 3, "fields": {"action_time": "2021-05-01T17:01:33.807Z", "user": 1, "content_type": 19, "object_id": "1", "object_repr": "Post object (1)", "action_flag": 1, "change_message": "[{\"added\": {}}]"}}, {"model": "admin.logentry", "pk": 4, "fields": {"action_time": "2021-05-01T17:11:31.948Z", "user": 1, "content_type": 15, "object_id": "2", "object_repr": "Location object (2)", "action_flag": 1, "change_message": "[{\"added\": {}}]"}}, {"model": "admin.logentry", "pk": 5, "fields": {"action_time": "2021-05-01T17:12:22.227Z", "user": 1, "content_type": 19, "object_id": "2", "object_repr": "Post object (2)", "action_flag": 1, "change_message": "[{\"added\": {}}]"}}, {"model": "admin.logentry", "pk": 6, "fields": {"action_time": "2021-05-01T17:15:42.087Z", "user": 1, "content_type": 19, "object_id": "2", "object_repr": "Post object (2)", "action_flag": 2, "change_message": "[]"}}, {"model": "admin.logentry", "pk": 7, "fields": {"action_time": "2021-05-01T17:36:26.046Z", "user": 1, "content_type": 19, "object_id": "1", "object_repr": "Post object (1)", "action_flag": 2, "change_message": "[{\"changed\": {\"fields\": [\"Content\"]}}]"}}, {"model": "admin.logentry", "pk": 8, "fields": {"action_time": "2021-05-01T18:10:39.677Z", "user": 1, "content_type": 15, "object_id": "3", "object_repr": "Location object (3)", "action_flag": 1, "change_message": "[{\"added\": {}}]"}}, {"model": "admin.logentry", "pk": 9, "fields": {"action_time": "2021-05-01T18:10:46.636Z", "user": 1, "content_type": 19, "object_id": "3", "object_repr": "Post object (3)", "action_flag": 1, "change_message": "[{\"added\": {}}]"}}, {"model": "admin.logentry", "pk": 10, "fields": {"action_time": "2021-05-01T18:11:27.783Z", "user": 1, "content_type": 19, "object_id": "3", "object_repr": "Post object (3)", "action_flag": 2, "change_message": "[{\"changed\": {\"fields\": [\"Content\"]}}]"}}, {"model": "admin.logentry", "pk": 11, "fields": {"action_time": "2021-05-01T18:11:40.584Z", "user": 1, "content_type": 19, "object_id": "2", "object_repr": "Post object (2)", "action_flag": 2, "change_message": "[{\"changed\": {\"fields\": [\"Content\"]}}]"}}, {"model": "admin.logentry", "pk": 12, "fields": {"action_time": "2021-05-01T18:27:45.224Z", "user": 1, "content_type": 16, "object_id": "29", "object_repr": "Tag object (29)", "action_flag": 1, "change_message": "[{\"added\": {}}]"}}, {"model": "admin.logentry", "pk": 13, "fields": {"action_time": "2021-05-01T18:27:50.650Z", "user": 1, "content_type": 16, "object_id": "30", "object_repr": "Tag object (30)", "action_flag": 1, "change_message": "[{\"added\": {}}]"}}, {"model": "admin.logentry", "pk": 14, "fields": {"action_time": "2021-05-01T18:29:07.536Z", "user": 1, "content_type": 18, "object_id": "2", "object_repr": "Image object (2)", "action_flag": 1, "change_message": "[{\"added\": {}}]"}}, {"model": "admin.logentry", "pk": 15, "fields": {"action_time": "2021-05-01T18:29:44.184Z", "user": 1, "content_type": 19, "object_id": "4", "object_repr": "Post object (4)", "action_flag": 1, "change_message": "[{\"added\": {}}]"}}, {"model": "admin.logentry", "pk": 16, "fields": {"action_time": "2021-05-01T18:59:15.217Z", "user": 1, "content_type": 16, "object_id": "31", "object_repr": "Tag object (31)", "action_flag": 1, "change_message": "[{\"added\": {}}]"}}, {"model": "admin.logentry", "pk": 17, "fields": {"action_time": "2021-05-01T19:00:49.788Z", "user": 1, "content_type": 15, "object_id": "4", "object_repr": "Location object (4)", "action_flag": 1, "change_message": "[{\"added\": {}}]"}}, {"model": "admin.logentry", "pk": 18, "fields": {"action_time": "2021-05-01T19:00:56.078Z", "user": 1, "content_type": 19, "object_id": "5", "object_repr": "Post object (5)", "action_flag": 1, "change_message": "[{\"added\": {}}]"}}, {"model": "admin.logentry", "pk": 19, "fields": {"action_time": "2021-05-02T14:02:52.992Z", "user": 1, "content_type": 18, "object_id": "3", "object_repr": "Image object (3)", "action_flag": 1, "change_message": "[{\"added\": {}}]"}}, {"model": "admin.logentry", "pk": 20, "fields": {"action_time": "2021-05-02T14:03:33.395Z", "user": 1, "content_type": 16, "object_id": "32", "object_repr": "Tag object (32)", "action_flag": 1, "change_message": "[{\"added\": {}}]"}}, {"model": "admin.logentry", "pk": 21, "fields": {"action_time": "2021-05-02T14:03:35.807Z", "user": 1, "content_type": 19, "object_id": "6", "object_repr": "Post object (6)", "action_flag": 1, "change_message": "[{\"added\": {}}]"}}, {"model": "auth.permission", "pk": 1, "fields": {"name": "Can add log entry", "content_type": 1, "codename": "add_logentry"}}, {"model": "auth.permission", "pk": 2, "fields": {"name": "Can change log entry", "content_type": 1, "codename": "change_logentry"}}, {"model": "auth.permission", "pk": 3, "fields": {"name": "Can delete log entry", "content_type": 1, "codename": "delete_logentry"}}, {"model": "auth.permission", "pk": 4, "fields": {"name": "Can view log entry", "content_type": 1, "codename": "view_logentry"}}, {"model": "auth.permission", "pk": 5, "fields": {"name": "Can add permission", "content_type": 2, "codename": "add_permission"}}, {"model": "auth.permission", "pk": 6, "fields": {"name": "Can change permission", "content_type": 2, "codename": "change_permission"}}, {"model": "auth.permission", "pk": 7, "fields": {"name": "Can delete permission", "content_type": 2, "codename": "delete_permission"}}, {"model": "auth.permission", "pk": 8, "fields": {"name": "Can view permission", "content_type": 2, "codename": "view_permission"}}, {"model": "auth.permission", "pk": 9, "fields": {"name": "Can add group", "content_type": 3, "codename": "add_group"}}, {"model": "auth.permission", "pk": 10, "fields": {"name": "Can change group", "content_type": 3, "codename": "change_group"}}, {"model": "auth.permission", "pk": 11, "fields": {"name": "Can delete group", "content_type": 3, "codename": "delete_group"}}, {"model": "auth.permission", "pk": 12, "fields": {"name": "Can view group", "content_type": 3, "codename": "view_group"}}, {"model": "auth.permission", "pk": 13, "fields": {"name": "Can add user", "content_type": 4, "codename": "add_user"}}, {"model": "auth.permission", "pk": 14, "fields": {"name": "Can change user", "content_type": 4, "codename": "change_user"}}, {"model": "auth.permission", "pk": 15, "fields": {"name": "Can delete user", "content_type": 4, "codename": "delete_user"}}, {"model": "auth.permission", "pk": 16, "fields": {"name": "Can view user", "content_type": 4, "codename": "view_user"}}, {"model": "auth.permission", "pk": 17, "fields": {"name": "Can add content type", "content_type": 5, "codename": "add_contenttype"}}, {"model": "auth.permission", "pk": 18, "fields": {"name": "Can change content type", "content_type": 5, "codename": "change_contenttype"}}, {"model": "auth.permission", "pk": 19, "fields": {"name": "Can delete content type", "content_type": 5, "codename": "delete_contenttype"}}, {"model": "auth.permission", "pk": 20, "fields": {"name": "Can view content type", "content_type": 5, "codename": "view_contenttype"}}, {"model": "auth.permission", "pk": 21, "fields": {"name": "Can add session", "content_type": 6, "codename": "add_session"}}, {"model": "auth.permission", "pk": 22, "fields": {"name": "Can change session", "content_type": 6, "codename": "change_session"}}, {"model": "auth.permission", "pk": 23, "fields": {"name": "Can delete session", "content_type": 6, "codename": "delete_session"}}, {"model": "auth.permission", "pk": 24, "fields": {"name": "Can view session", "content_type": 6, "codename": "view_session"}}, {"model": "auth.permission", "pk": 25, "fields": {"name": "Can add site", "content_type": 7, "codename": "add_site"}}, {"model": "auth.permission", "pk": 26, "fields": {"name": "Can change site", "content_type": 7, "codename": "change_site"}}, {"model": "auth.permission", "pk": 27, "fields": {"name": "Can delete site", "content_type": 7, "codename": "delete_site"}}, {"model": "auth.permission", "pk": 28, "fields": {"name": "Can view site", "content_type": 7, "codename": "view_site"}}, {"model": "auth.permission", "pk": 29, "fields": {"name": "Can add social application", "content_type": 8, "codename": "add_socialapp"}}, {"model": "auth.permission", "pk": 30, "fields": {"name": "Can change social application", "content_type": 8, "codename": "change_socialapp"}}, {"model": "auth.permission", "pk": 31, "fields": {"name": "Can delete social application", "content_type": 8, "codename": "delete_socialapp"}}, {"model": "auth.permission", "pk": 32, "fields": {"name": "Can view social application", "content_type": 8, "codename": "view_socialapp"}}, {"model": "auth.permission", "pk": 33, "fields": {"name": "Can add social account", "content_type": 9, "codename": "add_socialaccount"}}, {"model": "auth.permission", "pk": 34, "fields": {"name": "Can change social account", "content_type": 9, "codename": "change_socialaccount"}}, {"model": "auth.permission", "pk": 35, "fields": {"name": "Can delete social account", "content_type": 9, "codename": "delete_socialaccount"}}, {"model": "auth.permission", "pk": 36, "fields": {"name": "Can view social account", "content_type": 9, "codename": "view_socialaccount"}}, {"model": "auth.permission", "pk": 37, "fields": {"name": "Can add social application token", "content_type": 10, "codename": "add_socialtoken"}}, {"model": "auth.permission", "pk": 38, "fields": {"name": "Can change social application token", "content_type": 10, "codename": "change_socialtoken"}}, {"model": "auth.permission", "pk": 39, "fields": {"name": "Can delete social application token", "content_type": 10, "codename": "delete_socialtoken"}}, {"model": "auth.permission", "pk": 40, "fields": {"name": "Can view social application token", "content_type": 10, "codename": "view_socialtoken"}}, {"model": "auth.permission", "pk": 41, "fields": {"name": "Can add email address", "content_type": 11, "codename": "add_emailaddress"}}, {"model": "auth.permission", "pk": 42, "fields": {"name": "Can change email address", "content_type": 11, "codename": "change_emailaddress"}}, {"model": "auth.permission", "pk": 43, "fields": {"name": "Can delete email address", "content_type": 11, "codename": "delete_emailaddress"}}, {"model": "auth.permission", "pk": 44, "fields": {"name": "Can view email address", "content_type": 11, "codename": "view_emailaddress"}}, {"model": "auth.permission", "pk": 45, "fields": {"name": "Can add email confirmation", "content_type": 12, "codename": "add_emailconfirmation"}}, {"model": "auth.permission", "pk": 46, "fields": {"name": "Can change email confirmation", "content_type": 12, "codename": "change_emailconfirmation"}}, {"model": "auth.permission", "pk": 47, "fields": {"name": "Can delete email confirmation", "content_type": 12, "codename": "delete_emailconfirmation"}}, {"model": "auth.permission", "pk": 48, "fields": {"name": "Can view email confirmation", "content_type": 12, "codename": "view_emailconfirmation"}}, {"model": "auth.permission", "pk": 49, "fields": {"name": "Can add Token", "content_type": 13, "codename": "add_token"}}, {"model": "auth.permission", "pk": 50, "fields": {"name": "Can change Token", "content_type": 13, "codename": "change_token"}}, {"model": "auth.permission", "pk": 51, "fields": {"name": "Can delete Token", "content_type": 13, "codename": "delete_token"}}, {"model": "auth.permission", "pk": 52, "fields": {"name": "Can view Token", "content_type": 13, "codename": "view_token"}}, {"model": "auth.permission", "pk": 53, "fields": {"name": "Can add token", "content_type": 14, "codename": "add_tokenproxy"}}, {"model": "auth.permission", "pk": 54, "fields": {"name": "Can change token", "content_type": 14, "codename": "change_tokenproxy"}}, {"model": "auth.permission", "pk": 55, "fields": {"name": "Can delete token", "content_type": 14, "codename": "delete_tokenproxy"}}, {"model": "auth.permission", "pk": 56, "fields": {"name": "Can view token", "content_type": 14, "codename": "view_tokenproxy"}}, {"model": "auth.permission", "pk": 57, "fields": {"name": "Can add location", "content_type": 15, "codename": "add_location"}}, {"model": "auth.permission", "pk": 58, "fields": {"name": "Can change location", "content_type": 15, "codename": "change_location"}}, {"model": "auth.permission", "pk": 59, "fields": {"name": "Can delete location", "content_type": 15, "codename": "delete_location"}}, {"model": "auth.permission", "pk": 60, "fields": {"name": "Can view location", "content_type": 15, "codename": "view_location"}}, {"model": "auth.permission", "pk": 61, "fields": {"name": "Can add tag", "content_type": 16, "codename": "add_tag"}}, {"model": "auth.permission", "pk": 62, "fields": {"name": "Can change tag", "content_type": 16, "codename": "change_tag"}}, {"model": "auth.permission", "pk": 63, "fields": {"name": "Can delete tag", "content_type": 16, "codename": "delete_tag"}}, {"model": "auth.permission", "pk": 64, "fields": {"name": "Can view tag", "content_type": 16, "codename": "view_tag"}}, {"model": "auth.permission", "pk": 65, "fields": {"name": "Can add category", "content_type": 17, "codename": "add_category"}}, {"model": "auth.permission", "pk": 66, "fields": {"name": "Can change category", "content_type": 17, "codename": "change_category"}}, {"model": "auth.permission", "pk": 67, "fields": {"name": "Can delete category", "content_type": 17, "codename": "delete_category"}}, {"model": "auth.permission", "pk": 68, "fields": {"name": "Can view category", "content_type": 17, "codename": "view_category"}}, {"model": "auth.permission", "pk": 69, "fields": {"name": "Can add image", "content_type": 18, "codename": "add_image"}}, {"model": "auth.permission", "pk": 70, "fields": {"name": "Can change image", "content_type": 18, "codename": "change_image"}}, {"model": "auth.permission", "pk": 71, "fields": {"name": "Can delete image", "content_type": 18, "codename": "delete_image"}}, {"model": "auth.permission", "pk": 72, "fields": {"name": "Can view image", "content_type": 18, "codename": "view_image"}}, {"model": "auth.permission", "pk": 73, "fields": {"name": "Can add post", "content_type": 19, "codename": "add_post"}}, {"model": "auth.permission", "pk": 74, "fields": {"name": "Can change post", "content_type": 19, "codename": "change_post"}}, {"model": "auth.permission", "pk": 75, "fields": {"name": "Can delete post", "content_type": 19, "codename": "delete_post"}}, {"model": "auth.permission", "pk": 76, "fields": {"name": "Can view post", "content_type": 19, "codename": "view_post"}}, {"model": "auth.permission", "pk": 77, "fields": {"name": "Can add social account", "content_type": 20, "codename": "add_socialaccount"}}, {"model": "auth.permission", "pk": 78, "fields": {"name": "Can change social account", "content_type": 20, "codename": "change_socialaccount"}}, {"model": "auth.permission", "pk": 79, "fields": {"name": "Can delete social account", "content_type": 20, "codename": "delete_socialaccount"}}, {"model": "auth.permission", "pk": 80, "fields": {"name": "Can view social account", "content_type": 20, "codename": "view_socialaccount"}}, {"model": "auth.permission", "pk": 81, "fields": {"name": "Can add social application", "content_type": 21, "codename": "add_socialapp"}}, {"model": "auth.permission", "pk": 82, "fields": {"name": "Can change social application", "content_type": 21, "codename": "change_socialapp"}}, {"model": "auth.permission", "pk": 83, "fields": {"name": "Can delete social application", "content_type": 21, "codename": "delete_socialapp"}}, {"model": "auth.permission", "pk": 84, "fields": {"name": "Can view social application", "content_type": 21, "codename": "view_socialapp"}}, {"model": "auth.permission", "pk": 85, "fields": {"name": "Can add social application token", "content_type": 22, "codename": "add_socialtoken"}}, {"model": "auth.permission", "pk": 86, "fields": {"name": "Can change social application token", "content_type": 22, "codename": "change_socialtoken"}}, {"model": "auth.permission", "pk": 87, "fields": {"name": "Can delete social application token", "content_type": 22, "codename": "delete_socialtoken"}}, {"model": "auth.permission", "pk": 88, "fields": {"name": "Can view social application token", "content_type": 22, "codename": "view_socialtoken"}}, {"model": "auth.user", "pk": 1, "fields": {"password": "pbkdf2_sha256$260000$cnfzDLaBQqLf7ejX0070su$zVUAzOmrpYYB4rLRNfrW814b2gvHTSq1MQKYE358pNc=", "last_login": "2021-05-02T15:11:49.066Z", "is_superuser": true, "username": "admin", "first_name": "", "last_name": "", "email": "admin@example.com", "is_staff": true, "is_active": true, "date_joined": "2021-05-01T16:52:37.969Z", "groups": [], "user_permissions": []}}, {"model": "auth.user", "pk": 2, "fields": {"password": "pbkdf2_sha256$260000$wdFAb5iAS8aCHZesaDFkSy$O8rZcJ0KzjVy6aZ9iC6f2FnAItVeSeODF8qq8i6xByo=", "last_login": "2021-05-02T13:47:42.132Z", "is_superuser": false, "username": "hell2", "first_name": "", "last_name": "", "email": "hell2@example.com", "is_staff": false, "is_active": true, "date_joined": "2021-05-02T13:47:41.671Z", "groups": [], "user_permissions": []}}, {"model": "contenttypes.contenttype", "pk": 1, "fields": {"app_label": "admin", "model": "logentry"}}, {"model": "contenttypes.contenttype", "pk": 2, "fields": {"app_label": "auth", "model": "permission"}}, {"model": "contenttypes.contenttype", "pk": 3, "fields": {"app_label": "auth", "model": "group"}}, {"model": "contenttypes.contenttype", "pk": 4, "fields": {"app_label": "auth", "model": "user"}}, {"model": "contenttypes.contenttype", "pk": 5, "fields": {"app_label": "contenttypes", "model": "contenttype"}}, {"model": "contenttypes.contenttype", "pk": 6, "fields": {"app_label": "sessions", "model": "session"}}, {"model": "contenttypes.contenttype", "pk": 7, "fields": {"app_label": "sites", "model": "site"}}, {"model": "contenttypes.contenttype", "pk": 8, "fields": {"app_label": "allauth", "model": "socialapp"}}, {"model": "contenttypes.contenttype", "pk": 9, "fields": {"app_label": "allauth", "model": "socialaccount"}}, {"model": "contenttypes.contenttype", "pk": 10, "fields": {"app_label": "allauth", "model": "socialtoken"}}, {"model": "contenttypes.contenttype", "pk": 11, "fields": {"app_label": "account", "model": "emailaddress"}}, {"model": "contenttypes.contenttype", "pk": 12, "fields": {"app_label": "account", "model": "emailconfirmation"}}, {"model": "contenttypes.contenttype", "pk": 13, "fields": {"app_label": "authtoken", "model": "token"}}, {"model": "contenttypes.contenttype", "pk": 14, "fields": {"app_label": "authtoken", "model": "tokenproxy"}}, {"model": "contenttypes.contenttype", "pk": 15, "fields": {"app_label": "api", "model": "location"}}, {"model": "contenttypes.contenttype", "pk": 16, "fields": {"app_label": "api", "model": "tag"}}, {"model": "contenttypes.contenttype", "pk": 17, "fields": {"app_label": "api", "model": "category"}}, {"model": "contenttypes.contenttype", "pk": 18, "fields": {"app_label": "api", "model": "image"}}, {"model": "contenttypes.contenttype", "pk": 19, "fields": {"app_label": "api", "model": "post"}}, {"model": "contenttypes.contenttype", "pk": 20, "fields": {"app_label": "socialaccount", "model": "socialaccount"}}, {"model": "contenttypes.contenttype", "pk": 21, "fields": {"app_label": "socialaccount", "model": "socialapp"}}, {"model": "contenttypes.contenttype", "pk": 22, "fields": {"app_label": "socialaccount", "model": "socialtoken"}}, {"model": "sessions.session", "pk": "44c0tc49v8zxjt4mfqo2518bqpc8s0pu", "fields": {"session_data": ".eJxVjM0OgjAQhN-lZ0P6A93Fm75Is90ugUhKYsvJ-O4Ww0GP830z81KB9jqHvcgzLEldlVGXXxaJH5IPQet64I6Ytz3X7ts5deluLUmuC1Ndtnw_V39XM5W5_UBEjNY7QTFj1MSTweR7YDdAMgnQj1omAMDeoxvF2jg03zZ9Yuu1en8Arco7qQ:1ldDl7:iE_NnikJ7gKwltvA_HoLKrdWbsg52UgCPxOmyU3kUsU", "expire_date": "2021-05-16T15:11:49.070Z"}}, {"model": "sessions.session", "pk": "4nctzgwwg6sanpqtv1wgzlnaj6oen2lm", "fields": {"session_data": ".eJxVjMEOgyAQRP-Fc2OqdYX11v4IWZYlklJMFHpp-u_VxovHeTPzPoqY55qLfcsSQxRv5UUxqTHXlC7KUi2TrassNno1qk6dmCN-St4LSmnHzaFr_pujXpv7liSXyFTinB_H66SaaJ02j2NG71hDCMI3ZPBoQt-T7gRBHDgYBuwHuWo2rSFEwNYbfWPqwEvL6vsDsT5IaA:1ldCRi:JsZ637yNsP1E4Ww2Ta20jCuGc4q5LjWoy3omZa0NkCQ", "expire_date": "2021-05-16T13:47:42.145Z"}}, {"model": "sessions.session", "pk": "994bbus83yl7z0mh524qx6g37r0rgjcl", "fields": {"session_data": ".eJxVjEEOgjAQRe_StWloKZ2pS_ecoel0BosaSCisjHcXEha6_e-9_1YxbWuJW5UljqyuyqjL70YpP2U6AD_SdJ91nqd1GUkfij5p1f3M8rqd7t9BSbXsNRAiWd8KignUpDwYZO8gtx2wYUAfGhkAAJ3HNoi11O18bxxn6xv1-QLVzjc1:1ldCey:0_2l7tBzLvJtCDnMKCtkIbi10Tfg5jMLEnQsHjHo_ww", "expire_date": "2021-05-16T14:01:24.779Z"}}, {"model": "sessions.session", "pk": "sa5wooy21sipqhq52eg3zi7yrstnko8h", "fields": {"session_data": ".eJxVjM0OgjAQhN-lZ0P6A93Fm75Is90ugUhKYsvJ-O4Ww0GP830z81KB9jqHvcgzLEldlVGXXxaJH5IPQet64I6Ytz3X7ts5deluLUmuC1Ndtnw_V39XM5W5_UBEjNY7QTFj1MSTweR7YDdAMgnQj1omAMDeoxvF2jg03zZ9Yuu1en8Arco7qQ:1ldBxf:31cXtQog_TEV7hOe3ZZrpTxybI545OthjuT2TJO9C3U", "expire_date": "2021-05-16T13:16:39.061Z"}}, {"model": "sites.site", "pk": 1, "fields": {"domain": "example.com", "name": "example.com"}}, {"model": "account.emailaddress", "pk": 1, "fields": {"user": 2, "email": "hell2@example.com", "verified": false, "primary": true}}, {"model": "authtoken.token", "pk": "3402e435f3af9f3e975d93077cb526492db78881", "fields": {"user": 2, "created": "2021-05-02T13:47:42.076Z"}}, {"model": "authtoken.token", "pk": "4ce4a1ead0ceb48357ff4f598ed71a00d9b3c4aa", "fields": {"user": 1, "created": "2021-05-02T13:16:38.980Z"}}, {"model": "api.location", "pk": 1, "fields": {"latitude": "42.4271300000", "longitude": "-71.0673000000", "name": "Immigrant Learning Center"}}, {"model": "api.location", "pk": 2, "fields": {"latitude": "42.3867400000", "longitude": "-71.0869200000", "name": "Emergency Services (Fire, Police, or Ambulance)"}}, {"model": "api.location", "pk": 3, "fields": {"latitude": "42.3973800000", "longitude": "-71.0918700000", "name": "The Welcome Project"}}, {"model": "api.location", "pk": 4, "fields": {"latitude": "42.4300000000", "longitude": "-71.0685400000", "name": "Malden YMCA Food Service Program"}}, {"model": "api.tag", "pk": 1, "fields": {"name": "Women And Children"}}, {"model": "api.tag", "pk": 2, "fields": {"name": "Education"}}, {"model": "api.tag", "pk": 3, "fields": {"name": "Cultural Resources"}}, {"model": "api.tag", "pk": 4, "fields": {"name": "Community Building"}}, {"model": "api.tag", "pk": 5, "fields": {"name": "Emergency"}}, {"model": "api.tag", "pk": 6, "fields": {"name": "Religious"}}, {"model": "api.tag", "pk": 7, "fields": {"name": "Pregnancy Resources"}}, {"model": "api.tag", "pk": 8, "fields": {"name": "Food Assistance"}}, {"model": "api.tag", "pk": 9, "fields": {"name": "Housing Assistance"}}, {"model": "api.tag", "pk": 10, "fields": {"name": "Domestic Violence Resources"}}, {"model": "api.tag", "pk": 11, "fields": {"name": "Health Access"}}, {"model": "api.tag", "pk": 12, "fields": {"name": "Financial Resources"}}, {"model": "api.tag", "pk": 13, "fields": {"name": "Veteran Resources"}}, {"model": "api.tag", "pk": 14, "fields": {"name": "Teen Resources"}}, {"model": "api.tag", "pk": 15, "fields": {"name": "Social Services"}}, {"model": "api.tag", "pk": 16, "fields": {"name": "Community Health"}}, {"model": "api.tag", "pk": 17, "fields": {"name": "Counseling"}}, {"model": "api.tag", "pk": 18, "fields": {"name": "Urgent Care"}}, {"model": "api.tag", "pk": 19, "fields": {"name": "Hospitals"}}, {"model": "api.tag", "pk": 20, "fields": {"name": "Medical Assistance"}}, {"model": "api.tag", "pk": 21, "fields": {"name": "Covid-19"}}, {"model": "api.tag", "pk": 22, "fields": {"name": "Spanish"}}, {"model": "api.tag", "pk": 23, "fields": {"name": "Haitian Creole"}}, {"model": "api.tag", "pk": 24, "fields": {"name": "Nepalese"}}, {"model": "api.tag", "pk": 25, "fields": {"name": "Arabic"}}, {"model": "api.tag", "pk": 26, "fields": {"name": "Vietnamese"}}, {"model": "api.tag", "pk": 27, "fields": {"name": "Portugese"}}, {"model": "api.tag", "pk": 28, "fields": {"name": "Migrants And Refugees"}}, {"model": "api.tag", "pk": 29, "fields": {"name": "Compassion Pillar"}}, {"model": "api.tag", "pk": 30, "fields": {"name": "Project SHARE"}}, {"model": "api.tag", "pk": 31, "fields": {"name": "Food Pantry"}}, {"model": "api.tag", "pk": 32, "fields": {"name": "Infographic"}}, {"model": "api.category", "pk": 1, "fields": {"name": "Tufts Resources"}}, {"model": "api.category", "pk": 2, "fields": {"name": "Community Resources"}}, {"model": "api.category", "pk": 3, "fields": {"name": "The Sharewood Project"}}, {"model": "api.category", "pk": 4, "fields": {"name": "Newsletter Archives"}}, {"model": "api.category", "pk": 5, "fields": {"name": "How You Can Help"}}, {"model": "api.image", "pk": 2, "fields": {"img_file": "Compassion_Pillar_infographic.png"}}, {"model": "api.image", "pk": 3, "fields": {"img_file": "COVID-19_Pamphlet_Spanish.jpg"}}, {"model": "api.post", "pk": 1, "fields": {"title": "Immigrant Learning Center", "date": "2021-05-01T17:01:33.755Z", "category": 2, "content": "## Non-profit educational services for immigrants\r\n### Services Offered \r\n- Variety of English and literacy programs\r\n- Citizenship classes (online due to COVID-19) \r\n\r\n### Website\r\nhttps://www.ilctr.org\r\n\r\n### Phone Number \r\n(781) 322-9777\r\n\r\n### Address\r\n442 Main Street, Malden, MA 02148\r\n\r\n### Hours\r\n9:00AM - 5:00PM, closed on weekends", "language": "EN", "tags": [2, 4, 22, 23, 27, 28], "images": [], "locations": [1]}}, {"model": "api.post", "pk": 2, "fields": {"title": "Emergency Services (Fire, Police, or Ambulance)", "date": "2021-05-01T17:12:22.206Z", "category": 2, "content": "## General Emergency Services; Office of Immigrant Affairs for Somerville\r\n\r\n### Services Offered \r\n- Emergency Services (Fire, Police, or Ambulance)\r\n- information assistance regarding immigrant affairs for the Somerville residents. \r\n- Languages offered: English, Portugese, Spanish, Haitan Creole, Nepali \r\n\r\n### Website\r\nhttps://www.somervillema.gov/departments/communications-and-community-engagement/somerviva-office-immigrant-affairs\r\n\r\n### Phone Number \r\n911\r\n### Address\r\n239 Commercial Street, Malden, MA 02148\r\n\r\n### Hours\r\nOpen 24 Hours", "language": "EN", "tags": [5, 22, 23, 27, 28], "images": [], "locations": [2]}}, {"model": "api.post", "pk": 3, "fields": {"title": "The Welcome Project", "date": "2021-05-01T18:10:46.619Z", "category": 2, "content": "## Non-profit providing support & empowerment for immigrants. \r\nAssistance offered in English, Spanish, Portuguese, Haitian Creole.\r\n\r\n### Services Offered \r\n- leadership & empowerment programs for youth and adults\r\n- English language, citizenship, and computer classes\r\n- educational and college support\r\n- various otherservices\r\n\r\n### Website\r\nhttps://www.welcomeproject.org/resources\r\n\r\n### Phone Number \r\n(617) 623-6633\r\n\r\n### Address\r\n530 Mystic Ave. #111, Somerville, MA 02145\r\n\r\n## Hours\r\n9:00AM - 5:00PM, closed on weekends", "language": "EN", "tags": [2, 4, 22, 23, 27, 28], "images": [], "locations": [3]}}, {"model": "api.post", "pk": 4, "fields": {"title": "Project SHARE's Compassion Pillar", "date": "2021-05-01T18:29:43.834Z", "category": 1, "content": "Here is an overview on Compassion Pillar's current projects!", "language": "EN", "tags": [29, 30], "images": [2], "locations": []}}, {"model": "api.post", "pk": 5, "fields": {"title": "Malden YMCA Food Service Program", "date": "2021-05-01T19:00:56.056Z", "category": 2, "content": "### Services Offered \r\nFree meals for kids during the summer, see website for schedule & details\r\n\r\n### Website\r\nhttps://www.ymcamalden.org/food-programs/food-program\r\n\r\n### Phone Number \r\n(781) 324-7680\r\n\r\n### Address\r\n99 Dartmouth Street, Malden, MA 02148\r\n\r\n### Hours\r\nMonday - Friday 7:00AM -7:00PM, Saturday 8:00AM-2:00PM", "language": "EN", "tags": [8, 31], "images": [], "locations": [4]}}, {"model": "api.post", "pk": 6, "fields": {"title": "Todo lo que necesita saber: La vacuna contra COVID-19.", "date": "2021-05-02T14:03:35.784Z", "category": 2, "content": "A guide on everything you need to know for the COVID-19 vaccines, put together by members of our Health Outreach Committee.", "language": "EN", "tags": [21, 22, 32], "images": [3], "locations": []}}]